变量,Coefficients,标准误差,t Stat,P-value,Lower 95%,Upper 95%
Intercept,-100548.3247,35879.50162,-2.802389114,0.010672328,-175163.833,-25932.81644
固定资产投资,0.080029853,0.251079236,0.318743415,0.753069677,-0.442118002,0.602177708
就业人数,1.87951798,0.571149002,3.290766462,0.003484119,0.691748608,3.067287351
社会消费品零售总额,0.055664113,0.422820767,0.131649429,0.896514741,-0.823639809,0.934968034
