items,value
Multiple R,0.978668994
R Square,0.957793
Adjusted R Square,0.951763429
标准误差,2915.141836
观测值,25
