items,value
Multiple R,0.991602592
R Square,0.9832757
Adjusted R Square,0.979691921
标准误差,4668.123978
观测值,18
