来源,df,SS,MS,F,Significance F
回归分析,3,17936600968,5978866989,274.3684239,1.14144E-12
残差,14,305079340.6,21791381.47,,
总计,17,18241680309,,,
